{
  "main": {
    "id": "b040828a69c4dbf6",
    "type": "split",
    "children": [
      {
        "id": "5ddcafdf570c0967",
        "type": "tabs",
        "children": [
          {
            "id": "c3492dcefe48b96f",
            "type": "leaf",
            "state": {
              "type": "markdown",
              "state": {
                "file": "品詞(pos)利用の影響に関する調査.md",
                "mode": "source",
                "source": false
              },
              "icon": "lucide-file",
              "title": "品詞(pos)利用の影響に関する調査"
            }
          }
        ]
      }
    ],
    "direction": "vertical"
  },
  "left": {
    "id": "181610a0be663a8c",
    "type": "split",
    "children": [
      {
        "id": "20523cdcb82ec4c0",
        "type": "tabs",
        "children": [
          {
            "id": "533252527ee5b0c4",
            "type": "leaf",
            "state": {
              "type": "file-explorer",
              "state": {
                "sortOrder": "alphabetical",
                "autoReveal": false
              },
              "icon": "lucide-folder-closed",
              "title": "文件列表"
            }
          },
          {
            "id": "52c9a68233aa1f26",
            "type": "leaf",
            "state": {
              "type": "search",
              "state": {
                "query": "",
                "matchingCase": false,
                "explainSearch": false,
                "collapseAll": false,
                "extraContext": false,
                "sortOrder": "alphabetical"
              },
              "icon": "lucide-search",
              "title": "搜索"
            }
          },
          {
            "id": "25dee58930b6713c",
            "type": "leaf",
            "state": {
              "type": "bookmarks",
              "state": {},
              "icon": "lucide-bookmark",
              "title": "书签"
            }
          }
        ]
      }
    ],
    "direction": "horizontal",
    "width": 300
  },
  "right": {
    "id": "87f2afae1977e45a",
    "type": "split",
    "children": [
      {
        "id": "edda7e655ef26d31",
        "type": "tabs",
        "children": [
          {
            "id": "033476e8d1283ba3",
            "type": "leaf",
            "state": {
              "type": "backlink",
              "state": {
                "file": "品詞(pos)利用の影響に関する調査.md",
                "collapseAll": false,
                "extraContext": false,
                "sortOrder": "alphabetical",
                "showSearch": false,
                "searchQuery": "",
                "backlinkCollapsed": false,
                "unlinkedCollapsed": true
              },
              "icon": "links-coming-in",
              "title": "品詞(pos)利用の影響に関する調査 的反向链接列表"
            }
          },
          {
            "id": "89d0437fde858ec2",
            "type": "leaf",
            "state": {
              "type": "outgoing-link",
              "state": {
                "file": "品詞(pos)利用の影響に関する調査.md",
                "linksCollapsed": false,
                "unlinkedCollapsed": true
              },
              "icon": "links-going-out",
              "title": "品詞(pos)利用の影響に関する調査 的出链列表"
            }
          },
          {
            "id": "e2405c6c400669b2",
            "type": "leaf",
            "state": {
              "type": "tag",
              "state": {
                "sortOrder": "frequency",
                "useHierarchy": true,
                "showSearch": false,
                "searchQuery": ""
              },
              "icon": "lucide-tags",
              "title": "标签"
            }
          },
          {
            "id": "78ec586a014f5786",
            "type": "leaf",
            "state": {
              "type": "outline",
              "state": {
                "file": "品詞(pos)利用の影響に関する調査.md",
                "followCursor": false,
                "showSearch": false,
                "searchQuery": ""
              },
              "icon": "lucide-list",
              "title": "品詞(pos)利用の影響に関する調査 的大纲"
            }
          }
        ]
      }
    ],
    "direction": "horizontal",
    "width": 300,
    "collapsed": true
  },
  "left-ribbon": {
    "hiddenItems": {
      "switcher:打开快速切换": false,
      "graph:查看关系图谱": false,
      "canvas:新建白板": false,
      "daily-notes:打开/创建今天的日记": false,
      "templates:插入模板": false,
      "command-palette:打开命令面板": false,
      "bases:创建新数据库": false
    }
  },
  "active": "533252527ee5b0c4",
  "lastOpenFiles": [
    "raw_data.md",
    "品詞(pos)利用の影響に関する調査.md"
  ]
}