{
  "main": {
    "id": "56d5a00a041f446d",
    "type": "split",
    "children": [
      {
        "id": "f72d362774ab93d1",
        "type": "tabs",
        "children": [
          {
            "id": "27cb683a504a0290",
            "type": "leaf",
            "state": {
              "type": "markdown",
              "state": {
                "file": "LexicalSyntacticFeaturizerにおける「pos」属性の使用の影響.md",
                "mode": "source",
                "source": false
              },
              "icon": "lucide-file",
              "title": "LexicalSyntacticFeaturizerにおける「pos」属性の使用の影響"
            }
          }
        ]
      }
    ],
    "direction": "vertical"
  },
  "left": {
    "id": "4d66e082fbcac036",
    "type": "split",
    "children": [
      {
        "id": "e6dadc51b9ef67de",
        "type": "tabs",
        "children": [
          {
            "id": "8e7ff6ac0b57ac7c",
            "type": "leaf",
            "state": {
              "type": "file-explorer",
              "state": {
                "sortOrder": "alphabetical",
                "autoReveal": false
              },
              "icon": "lucide-folder-closed",
              "title": "文件列表"
            }
          },
          {
            "id": "f9a40ab4a8552869",
            "type": "leaf",
            "state": {
              "type": "search",
              "state": {
                "query": "",
                "matchingCase": false,
                "explainSearch": false,
                "collapseAll": false,
                "extraContext": false,
                "sortOrder": "alphabetical"
              },
              "icon": "lucide-search",
              "title": "搜索"
            }
          },
          {
            "id": "f28ab4548dab4698",
            "type": "leaf",
            "state": {
              "type": "bookmarks",
              "state": {},
              "icon": "lucide-bookmark",
              "title": "书签"
            }
          }
        ]
      }
    ],
    "direction": "horizontal",
    "width": 300
  },
  "right": {
    "id": "dd73c67fb2514bdd",
    "type": "split",
    "children": [
      {
        "id": "f98e9cebbe713810",
        "type": "tabs",
        "children": [
          {
            "id": "90e1d75728a812d5",
            "type": "leaf",
            "state": {
              "type": "backlink",
              "state": {
                "file": "LexicalSyntacticFeaturizerにおける「pos」属性の使用の影響.md",
                "collapseAll": false,
                "extraContext": false,
                "sortOrder": "alphabetical",
                "showSearch": false,
                "searchQuery": "",
                "backlinkCollapsed": false,
                "unlinkedCollapsed": true
              },
              "icon": "links-coming-in",
              "title": "LexicalSyntacticFeaturizerにおける「pos」属性の使用の影響 的反向链接列表"
            }
          },
          {
            "id": "382d127178ec5968",
            "type": "leaf",
            "state": {
              "type": "outgoing-link",
              "state": {
                "file": "LexicalSyntacticFeaturizerにおける「pos」属性の使用の影響.md",
                "linksCollapsed": false,
                "unlinkedCollapsed": true
              },
              "icon": "links-going-out",
              "title": "LexicalSyntacticFeaturizerにおける「pos」属性の使用の影響 的出链列表"
            }
          },
          {
            "id": "1f9fe4ec7f6604ed",
            "type": "leaf",
            "state": {
              "type": "tag",
              "state": {
                "sortOrder": "frequency",
                "useHierarchy": true,
                "showSearch": false,
                "searchQuery": ""
              },
              "icon": "lucide-tags",
              "title": "标签"
            }
          },
          {
            "id": "98135030f87f572d",
            "type": "leaf",
            "state": {
              "type": "outline",
              "state": {
                "file": "LexicalSyntacticFeaturizerにおける「pos」属性の使用の影響.md",
                "followCursor": false,
                "showSearch": false,
                "searchQuery": ""
              },
              "icon": "lucide-list",
              "title": "LexicalSyntacticFeaturizerにおける「pos」属性の使用の影響 的大纲"
            }
          }
        ]
      }
    ],
    "direction": "horizontal",
    "width": 300,
    "collapsed": true
  },
  "left-ribbon": {
    "hiddenItems": {
      "switcher:打开快速切换": false,
      "graph:查看关系图谱": false,
      "canvas:新建白板": false,
      "daily-notes:打开/创建今天的日记": false,
      "templates:插入模板": false,
      "command-palette:打开命令面板": false,
      "bases:创建新数据库": false
    }
  },
  "active": "27cb683a504a0290",
  "lastOpenFiles": []
}