{
  "main": {
    "id": "9394f9e376833805",
    "type": "split",
    "children": [
      {
        "id": "2cb72d06571d7937",
        "type": "tabs",
        "children": [
          {
            "id": "bcd94d0c1f157231",
            "type": "leaf",
            "state": {
              "type": "markdown",
              "state": {
                "file": "日文/実行中の業務プロセスを中断する.md",
                "mode": "source",
                "source": false
              },
              "icon": "lucide-file",
              "title": "実行中の業務プロセスを中断する"
            }
          },
          {
            "id": "dc1e9c96a984ed7b",
            "type": "leaf",
            "state": {
              "type": "markdown",
              "state": {
                "file": "参考网站.md",
                "mode": "source",
                "source": false
              },
              "icon": "lucide-file",
              "title": "参考网站"
            }
          },
          {
            "id": "c5af8656cb58ec41",
            "type": "leaf",
            "state": {
              "type": "markdown",
              "state": {
                "file": "打断正在执行的业务流程.md",
                "mode": "source",
                "source": false
              },
              "icon": "lucide-file",
              "title": "打断正在执行的业务流程"
            }
          }
        ]
      }
    ],
    "direction": "vertical"
  },
  "left": {
    "id": "261e61ba7cae0f0a",
    "type": "split",
    "children": [
      {
        "id": "0ac4b49a5bd61d7e",
        "type": "tabs",
        "children": [
          {
            "id": "562f4f525fcbf7a2",
            "type": "leaf",
            "state": {
              "type": "file-explorer",
              "state": {
                "sortOrder": "alphabetical",
                "autoReveal": false
              },
              "icon": "lucide-folder-closed",
              "title": "文件列表"
            }
          },
          {
            "id": "5f0660eaa43d7589",
            "type": "leaf",
            "state": {
              "type": "search",
              "state": {
                "query": "",
                "matchingCase": false,
                "explainSearch": false,
                "collapseAll": false,
                "extraContext": false,
                "sortOrder": "alphabetical"
              },
              "icon": "lucide-search",
              "title": "搜索"
            }
          },
          {
            "id": "268362b367f51683",
            "type": "leaf",
            "state": {
              "type": "bookmarks",
              "state": {},
              "icon": "lucide-bookmark",
              "title": "书签"
            }
          }
        ]
      }
    ],
    "direction": "horizontal",
    "width": 385.5
  },
  "right": {
    "id": "609b70d01630b694",
    "type": "split",
    "children": [
      {
        "id": "35a1bdcf7b4196ff",
        "type": "tabs",
        "children": [
          {
            "id": "33f28a3175ee7d8f",
            "type": "leaf",
            "state": {
              "type": "backlink",
              "state": {
                "file": "Responses.md",
                "collapseAll": false,
                "extraContext": false,
                "sortOrder": "alphabetical",
                "showSearch": false,
                "searchQuery": "",
                "backlinkCollapsed": false,
                "unlinkedCollapsed": true
              },
              "icon": "links-coming-in",
              "title": "Responses 的反向链接列表"
            }
          },
          {
            "id": "441dbd2709b7e77d",
            "type": "leaf",
            "state": {
              "type": "outgoing-link",
              "state": {
                "file": "Responses.md",
                "linksCollapsed": false,
                "unlinkedCollapsed": true
              },
              "icon": "links-going-out",
              "title": "Responses 的出链列表"
            }
          },
          {
            "id": "14c8b0cf538996f6",
            "type": "leaf",
            "state": {
              "type": "tag",
              "state": {
                "sortOrder": "frequency",
                "useHierarchy": true,
                "showSearch": false,
                "searchQuery": ""
              },
              "icon": "lucide-tags",
              "title": "标签"
            }
          },
          {
            "id": "3f12f6d0679b57f1",
            "type": "leaf",
            "state": {
              "type": "outline",
              "state": {
                "file": "Responses.md",
                "followCursor": false,
                "showSearch": false,
                "searchQuery": ""
              },
              "icon": "lucide-list",
              "title": "Responses 的大纲"
            }
          }
        ]
      }
    ],
    "direction": "horizontal",
    "width": 300,
    "collapsed": true
  },
  "left-ribbon": {
    "hiddenItems": {
      "bases:创建新数据库": false,
      "switcher:打开快速切换": false,
      "graph:查看关系图谱": false,
      "canvas:新建白板": false,
      "daily-notes:打开/创建今天的日记": false,
      "templates:插入模板": false,
      "command-palette:打开命令面板": false,
      "obsidian-excalidraw-plugin:新建绘图文件": false
    }
  },
  "active": "bcd94d0c1f157231",
  "lastOpenFiles": [
    "打断正在执行的业务流程.md",
    "日文/実行中の業務プロセスを中断する.md",
    "意料外输入的处理.md",
    "rasa 编写经验.md",
    "rasa-demo-sara 环境构筑.md",
    "rasa-demo-sara勉強.md",
    "rasa命令.md",
    "stories编写注意事项.md",
    "训练数据格式.md",
    "Excalidraw/予期せぬ入力.excalidraw.md",
    "日文/予期しない入力の処理.md",
    "RASA PRO/Responses.md",
    "domain.md",
    "参考网站.md",
    "日文",
    "out of scope & fallback.md",
    "其他/测试内存.md",
    "attachments/Pasted image 20250829190001.png",
    "RASA opensource/custom action.md",
    "HEFEI-files/IRGL曗彏挷嵏/儀乕僗帒椏/rasa concept.md",
    "RASA PRO/slots.md",
    "其他/在rasa open source中使用rules模拟rasa pro中的flow.md",
    "RASA PRO/default actions.md",
    "Linux命令.md",
    "Pipeline and policy.md",
    "其他/rasa-demo-sara+环境构筑.md",
    "chat widget.md",
    "RASA opensource/slot.md",
    "其他/有用的工具",
    "其他/RASA Pro 固定回答语句&多语言.canvas",
    "其他/RASA opensource多语言.canvas",
    "其他",
    "attachments/Pasted image 20250826112807.png",
    "attachments/Pasted image 20250826111126.png",
    "attachments/Pasted image 20250826111041.png",
    "attachments/memory_usage_chart_gb.png",
    "attachments/Pasted image 20250827184851.png",
    "attachments/Pasted image 20250827184846.png",
    "attachments/Pasted image 20250827184837.png",
    "attachments/Pasted image 20250827184830.png",
    "attachments/Pasted image 20250827183736.png",
    "Excalidraw",
    "HEFEI-files/婡擻専徹/Push摦嶌/~$亂HEFEI-90亃儊僢僙乕僕僾僢僔儏曽朄偺幚尰曽朄.xlsx",
    "HEFEI-files/婡擻専徹/Rasa偺僥僗僩曽朄/~$亂HEFEI-153亃Rasa僥僗僩偵偮偄偰.xlsx",
    "HEFEI-files/婡擻専徹/搑拞夛榖拞巭曽朄/~$亂HEFEI-77亃搑拞偱僙僢僔儑儞傪拞巭偡傞曽朄.xlsx",
    "HEFEI-files/婡擻専徹/搑拞夛榖拞巭曽朄/~$亂HEFEI-77亃搑拞偱夛榖傪僉儍儞僙儖偡傞偲偒偵敪惗偡傞栤戣.xlsx",
    "HEFEI-files/壽戣挷嵏/Rasa儕儕乕僗僲乕僩偺挷嵏惍棟/~$亂HEFEI-151亃Rasa儕儕乕僗僲乕僩偺挷嵏惍棟.xlsx",
    "HEFEI-files/嫵嵽/RasaVideoClass偺PPT壔/~$亂HEFEI-3亃template.pptx"
  ]
}