{
  "main": {
    "id": "86f3114d126393b3",
    "type": "split",
    "children": [
      {
        "id": "44508168036f1dbb",
        "type": "tabs",
        "children": [
          {
            "id": "5c85f5ee0becd0a2",
            "type": "leaf",
            "state": {
              "type": "markdown",
              "state": {
                "file": "NLU Pipeline とDialogue Policies.md",
                "mode": "source",
                "source": false
              },
              "icon": "lucide-file",
              "title": "NLU Pipeline とDialogue Policies"
            }
          }
        ]
      }
    ],
    "direction": "vertical"
  },
  "left": {
    "id": "fa37857d3f4618bf",
    "type": "split",
    "children": [
      {
        "id": "0c3ad3268f0d7840",
        "type": "tabs",
        "children": [
          {
            "id": "337eaf99d156be31",
            "type": "leaf",
            "state": {
              "type": "file-explorer",
              "state": {
                "sortOrder": "alphabetical",
                "autoReveal": false
              },
              "icon": "lucide-folder-closed",
              "title": "文件列表"
            }
          },
          {
            "id": "c6f69527bec2f011",
            "type": "leaf",
            "state": {
              "type": "search",
              "state": {
                "query": "",
                "matchingCase": false,
                "explainSearch": false,
                "collapseAll": false,
                "extraContext": false,
                "sortOrder": "alphabetical"
              },
              "icon": "lucide-search",
              "title": "搜索"
            }
          },
          {
            "id": "8cf832130b0347f9",
            "type": "leaf",
            "state": {
              "type": "bookmarks",
              "state": {},
              "icon": "lucide-bookmark",
              "title": "书签"
            }
          }
        ]
      }
    ],
    "direction": "horizontal",
    "width": 427.5
  },
  "right": {
    "id": "ccbdff2271963eb8",
    "type": "split",
    "children": [
      {
        "id": "4665ee86ff10058f",
        "type": "tabs",
        "children": [
          {
            "id": "eb9e51202cc89fee",
            "type": "leaf",
            "state": {
              "type": "backlink",
              "state": {
                "file": "NLU Pipeline とDialogue Policies.md",
                "collapseAll": false,
                "extraContext": false,
                "sortOrder": "alphabetical",
                "showSearch": false,
                "searchQuery": "",
                "backlinkCollapsed": false,
                "unlinkedCollapsed": true
              },
              "icon": "links-coming-in",
              "title": "NLU Pipeline とDialogue Policies 的反向链接列表"
            }
          },
          {
            "id": "e3b93be8ebc7f94d",
            "type": "leaf",
            "state": {
              "type": "outgoing-link",
              "state": {
                "file": "NLU Pipeline とDialogue Policies.md",
                "linksCollapsed": false,
                "unlinkedCollapsed": true
              },
              "icon": "links-going-out",
              "title": "NLU Pipeline とDialogue Policies 的出链列表"
            }
          },
          {
            "id": "51476b609cba8a87",
            "type": "leaf",
            "state": {
              "type": "tag",
              "state": {
                "sortOrder": "frequency",
                "useHierarchy": true,
                "showSearch": false,
                "searchQuery": ""
              },
              "icon": "lucide-tags",
              "title": "标签"
            }
          },
          {
            "id": "e3f9db260d589f9a",
            "type": "leaf",
            "state": {
              "type": "outline",
              "state": {
                "file": "NLU Pipeline とDialogue Policies.md",
                "followCursor": false,
                "showSearch": false,
                "searchQuery": ""
              },
              "icon": "lucide-list",
              "title": "NLU Pipeline とDialogue Policies 的大纲"
            }
          }
        ]
      }
    ],
    "direction": "horizontal",
    "width": 300,
    "collapsed": true
  },
  "left-ribbon": {
    "hiddenItems": {
      "switcher:打开快速切换": false,
      "graph:查看关系图谱": false,
      "canvas:新建白板": false,
      "daily-notes:打开/创建今天的日记": false,
      "templates:插入模板": false,
      "command-palette:打开命令面板": false,
      "bases:创建新数据库": false
    }
  },
  "active": "5c85f5ee0becd0a2",
  "lastOpenFiles": [
    "Rasa Open source.png",
    "NLU Pipeline とDialogue Policies.md",
    "images/Pasted image 20250916180920.png",
    "images/Pasted image 20250916181016.png",
    "images/Pasted Image 20250916112618_778.png",
    "().md",
    "images/Pasted Image 20250916112745_402.png",
    "images/Pasted Image 20250916112305_132.png",
    "images/Pasted Image 20250916112145_443.png",
    "images/Pasted Image 20250916112002_950.png",
    "images/Pasted Image 20250916111858_319.png",
    "images/Pasted Image 20250916111456_451.png",
    "images"
  ]
}