{
  "main": {
    "id": "cb3ad00fea7216e4",
    "type": "split",
    "children": [
      {
        "id": "a6341ca5045d5348",
        "type": "tabs",
        "dimension": 70.14563106796116,
        "children": [
          {
            "id": "a0aa0af35e485231",
            "type": "leaf",
            "state": {
              "type": "markdown",
              "state": {
                "file": "deploy/introduction.md",
                "mode": "preview",
                "source": true
              },
              "icon": "lucide-file",
              "title": "introduction"
            }
          },
          {
            "id": "965ad9dc10d1aa2f",
            "type": "leaf",
            "state": {
              "type": "markdown",
              "state": {
                "file": "installation/installing-rasa-open-source.md",
                "mode": "source",
                "source": true
              },
              "icon": "lucide-file",
              "title": "installing-rasa-open-source"
            }
          }
        ],
        "currentTab": 1
      },
      {
        "id": "254aa8871e603279",
        "type": "tabs",
        "dimension": 29.85436893203883,
        "children": [
          {
            "id": "4971863fb397b80a",
            "type": "leaf",
            "state": {
              "type": "markdown",
              "state": {
                "file": "失效记录.md",
                "mode": "source",
                "source": false
              },
              "icon": "lucide-file",
              "title": "失效记录"
            }
          },
          {
            "id": "bdf3c45a8d60cea4",
            "type": "leaf",
            "state": {
              "type": "markdown",
              "state": {
                "file": "action-server/knowledge-base-actions.md",
                "mode": "preview",
                "source": false
              },
              "icon": "lucide-file",
              "title": "knowledge-base-actions"
            }
          }
        ]
      }
    ],
    "direction": "vertical"
  },
  "left": {
    "id": "c97aa4bf0165fde6",
    "type": "split",
    "children": [
      {
        "id": "663d2c27e2601497",
        "type": "tabs",
        "children": [
          {
            "id": "490f87142eb43a8d",
            "type": "leaf",
            "state": {
              "type": "file-explorer",
              "state": {
                "sortOrder": "alphabetical",
                "autoReveal": false
              },
              "icon": "lucide-folder-closed",
              "title": "文件列表"
            }
          },
          {
            "id": "4aa7d77918d6c12d",
            "type": "leaf",
            "state": {
              "type": "search",
              "state": {
                "query": "",
                "matchingCase": false,
                "explainSearch": false,
                "collapseAll": false,
                "extraContext": false,
                "sortOrder": "alphabetical"
              },
              "icon": "lucide-search",
              "title": "搜索"
            }
          },
          {
            "id": "9d4679c581551aba",
            "type": "leaf",
            "state": {
              "type": "bookmarks",
              "state": {},
              "icon": "lucide-bookmark",
              "title": "书签"
            }
          }
        ]
      }
    ],
    "direction": "horizontal",
    "width": 300
  },
  "right": {
    "id": "4c7c01b9ce672338",
    "type": "split",
    "children": [
      {
        "id": "e4452dcf96ad4d4e",
        "type": "tabs",
        "children": [
          {
            "id": "daee276bb8061a8c",
            "type": "leaf",
            "state": {
              "type": "backlink",
              "state": {
                "file": "installation/installing-rasa-open-source.md",
                "collapseAll": false,
                "extraContext": false,
                "sortOrder": "alphabetical",
                "showSearch": false,
                "searchQuery": "",
                "backlinkCollapsed": false,
                "unlinkedCollapsed": true
              },
              "icon": "links-coming-in",
              "title": "installing-rasa-open-source 的反向链接列表"
            }
          },
          {
            "id": "3dfb67015d0d4ae7",
            "type": "leaf",
            "state": {
              "type": "outgoing-link",
              "state": {
                "file": "installation/installing-rasa-open-source.md",
                "linksCollapsed": false,
                "unlinkedCollapsed": true
              },
              "icon": "links-going-out",
              "title": "installing-rasa-open-source 的出链列表"
            }
          },
          {
            "id": "3ed2cba5634088f4",
            "type": "leaf",
            "state": {
              "type": "tag",
              "state": {
                "sortOrder": "frequency",
                "useHierarchy": true,
                "showSearch": false,
                "searchQuery": ""
              },
              "icon": "lucide-tags",
              "title": "标签"
            }
          },
          {
            "id": "f68405b0cdf703ba",
            "type": "leaf",
            "state": {
              "type": "outline",
              "state": {
                "file": "installation/installing-rasa-open-source.md",
                "followCursor": false,
                "showSearch": false,
                "searchQuery": ""
              },
              "icon": "lucide-list",
              "title": "installing-rasa-open-source 的大纲"
            }
          }
        ]
      }
    ],
    "direction": "horizontal",
    "width": 300,
    "collapsed": true
  },
  "left-ribbon": {
    "hiddenItems": {
      "switcher:打开快速切换": false,
      "graph:查看关系图谱": false,
      "canvas:新建白板": false,
      "daily-notes:打开/创建今天的日记": false,
      "templates:插入模板": false,
      "command-palette:打开命令面板": false,
      "bases:创建新数据库": false
    }
  },
  "active": "965ad9dc10d1aa2f",
  "lastOpenFiles": [
    "失效记录.md",
    "installation/installing-rasa-open-source.md",
    "action-server/knowledge-base-actions.md",
    "installation/environment-set-up.md",
    "installation/rasa-pro/rasa-pro-artifacts.md",
    "installation/rasa-pro/installation.md",
    "deploy/deploy-rasa-pro-services.md",
    "docker/deploying-in-docker-compose.md",
    "docker/building-in-docker.md",
    "deploy/introduction.md",
    "introduction.md",
    "domain.md",
    "components.md",
    "deploy/deploy-rasa.md",
    "[deploy-rasa.md",
    "deploy/deploy-action-server.md",
    "connectors/your-own-website.md",
    "connectors/twilio-voice.md",
    "connectors/twilio.md",
    "connectors/telegram.md",
    "connectors/slack.md",
    "connectors/rocketchat.md",
    "connectors/microsoft-bot-framework.md",
    "connectors/mattermost.md",
    "connectors/hangouts.md",
    "connectors/facebook-messenger.md",
    "pages",
    "action-server/validation-action - 副本.mdx",
    "action-server/sdk-tracker - 副本.mdx",
    "action-server/sdk-events - 副本.mdx",
    "action-server/sdk-dispatcher - 副本.mdx",
    "action-server/sdk-actions - 副本.mdx",
    "action-server/sanic-extensions - 副本.mdx",
    "action-server/running-action-server - 副本.mdx",
    "action-server/knowledge-base-actions - 副本.mdx",
    "action-server/index - 副本.mdx"
  ]
}