{
  "main": {
    "id": "55c8bdd8f4dbe4df",
    "type": "split",
    "children": [
      {
        "id": "49f9f1942837ca50",
        "type": "tabs",
        "children": [
          {
            "id": "a7634b342dcbe932",
            "type": "leaf",
            "state": {
              "type": "markdown",
              "state": {
                "file": "docs/llms/llm-custom.md",
                "mode": "preview",
                "source": true
              },
              "icon": "lucide-file",
              "title": "llm-custom"
            }
          },
          {
            "id": "f59ef7ae342f6596",
            "type": "leaf",
            "state": {
              "type": "markdown",
              "state": {
                "file": "docs/glossary.md",
                "mode": "source",
                "source": false
              },
              "icon": "lucide-file",
              "title": "glossary"
            }
          }
        ]
      }
    ],
    "direction": "vertical"
  },
  "left": {
    "id": "c02e52b2e5287e94",
    "type": "split",
    "children": [
      {
        "id": "e2ebb0b39c3f53c7",
        "type": "tabs",
        "children": [
          {
            "id": "f807897367892225",
            "type": "leaf",
            "state": {
              "type": "file-explorer",
              "state": {
                "sortOrder": "alphabetical",
                "autoReveal": false
              },
              "icon": "lucide-folder-closed",
              "title": "文件列表"
            }
          },
          {
            "id": "aefc405aa8950c41",
            "type": "leaf",
            "state": {
              "type": "search",
              "state": {
                "query": "",
                "matchingCase": false,
                "explainSearch": false,
                "collapseAll": false,
                "extraContext": false,
                "sortOrder": "alphabetical"
              },
              "icon": "lucide-search",
              "title": "搜索"
            }
          },
          {
            "id": "9dbda1bde43bb0c6",
            "type": "leaf",
            "state": {
              "type": "bookmarks",
              "state": {},
              "icon": "lucide-bookmark",
              "title": "书签"
            }
          }
        ]
      }
    ],
    "direction": "horizontal",
    "width": 300
  },
  "right": {
    "id": "c8e6c44b619111b6",
    "type": "split",
    "children": [
      {
        "id": "794686d73ac0ae1f",
        "type": "tabs",
        "children": [
          {
            "id": "d58ac0e96021fb22",
            "type": "leaf",
            "state": {
              "type": "backlink",
              "state": {
                "file": "docs/llms/llm-custom.md",
                "collapseAll": false,
                "extraContext": false,
                "sortOrder": "alphabetical",
                "showSearch": false,
                "searchQuery": "",
                "backlinkCollapsed": false,
                "unlinkedCollapsed": true
              },
              "icon": "links-coming-in",
              "title": "llm-custom 的反向链接列表"
            }
          },
          {
            "id": "abdaf98c8d540888",
            "type": "leaf",
            "state": {
              "type": "outgoing-link",
              "state": {
                "file": "docs/llms/llm-custom.md",
                "linksCollapsed": false,
                "unlinkedCollapsed": true
              },
              "icon": "links-going-out",
              "title": "llm-custom 的出链列表"
            }
          },
          {
            "id": "e6b7ea6e7760c5e3",
            "type": "leaf",
            "state": {
              "type": "tag",
              "state": {
                "sortOrder": "frequency",
                "useHierarchy": true,
                "showSearch": false,
                "searchQuery": ""
              },
              "icon": "lucide-tags",
              "title": "标签"
            }
          },
          {
            "id": "eb2c0ca1fb1a2b8c",
            "type": "leaf",
            "state": {
              "type": "outline",
              "state": {
                "file": "docs/llms/llm-custom.md",
                "followCursor": false,
                "showSearch": false,
                "searchQuery": ""
              },
              "icon": "lucide-list",
              "title": "llm-custom 的大纲"
            }
          }
        ]
      }
    ],
    "direction": "horizontal",
    "width": 300,
    "collapsed": true
  },
  "left-ribbon": {
    "hiddenItems": {
      "switcher:打开快速切换": false,
      "graph:查看关系图谱": false,
      "canvas:新建白板": false,
      "daily-notes:打开/创建今天的日记": false,
      "templates:插入模板": false,
      "command-palette:打开命令面板": false,
      "bases:创建新数据库": false
    }
  },
  "active": "a7634b342dcbe932",
  "lastOpenFiles": [
    "docs/introduction.md",
    "docs/migration-guide.md",
    "docs/pii-management.md",
    "docs/secrets-managers.md",
    "docs/testing-your-assistant.md",
    "docs/spaces.md",
    "docs/reaching-out-to-user.md",
    "docs/rasa-pro-changelog.md",
    "docs/nlu-only.md",
    "docs/business-logic.md",
    "docs/actions.md",
    "docs/arch-overview.md",
    "docs/monitoring/tracing.md",
    "docs/monitoring/load-testing-guidelines.md",
    "docs/monitoring/analytics/realtime-markers.md",
    "docs/monitoring/analytics/getting-started-with-analytics.md",
    "docs/migrate-from/facebook-wit-ai-to-rasa.md",
    "docs/llms/llm-setup.md",
    "docs/llms/llm-nlg.md",
    "docs/llms/llm-intentless.md",
    "docs/llms/llm-intent.md",
    "docs/llms/llm-custom.md",
    "docs/llms/large-language-models.md",
    "docs/installation/rasa-pro/rasa-pro-artifacts.md",
    "docs/installation/rasa-pro/installation.md",
    "docs/deploy/deploy-rasa.md",
    "docs/connectors/img/slack-scopes.png",
    "docs/connectors/img/twilio-set-webhook.png",
    "docs/connectors/img/slack-secret.png",
    "docs/connectors/img/twilio-set-sip-webhook.png",
    "docs/connectors/img/slack-request-url.png",
    "docs/connectors/img/slack-interactivity.png",
    "docs/connectors/img/slack-events.png",
    "docs/connectors/img/slack-install-app.png",
    "docs/connectors/img/slack-app-home.png",
    "docs/connectors/img/slack-create-app.png",
    "docs/connectors/img",
    "docs/connectors",
    "docs/action-server",
    "docs/installation/rasa-pro",
    "docs/installation",
    "docs/docker",
    "docs/deploy"
  ]
}